id,sameAs,sameAsNote
ocd-division/country:au/state:nsw/sldl:baulkham_hills,ocd-division/country:au/state:nsw/sldl:kellyville,Baulkham Hills renamed to Kellyville
ocd-division/country:au/state:nsw/sldl:ku-ring-gai,ocd-division/country:au/state:nsw/sldl:wahroonga,Ku-ring-gai renamed to Wahroonga
ocd-division/country:au/state:nsw/sldl:mulgoa,ocd-division/country:au/state:nsw/sldl:badgerys_creek,Mulgoa renamed to Badgerys Creek
ocd-division/country:au/state:nsw/sldl:seven_hills,ocd-division/country:au/state:nsw/sldl:winston_hills,Seven Hills renamed to Winston Hills
ocd-division/country:au/state:wa/sldl:burns_beach,ocd-division/country:au/state:wa/sldl:mindarie,Burns Beach renamed to Mindarie
ocd-division/country:au/state:wa/sldl:mirrabooka,ocd-division/country:au/state:wa/sldl:girrawheen,Mirrabooka renamed to Girrawheen
ocd-division/country:au/state:wa/sldl:warnbro,ocd-division/country:au/state:wa/sldl:secret_harbour,Warnbro renamed to Secret Harbour
ocd-division/country:au/state:wa/sldl:willagee,ocd-division/country:au/state:wa/sldl:bibra_lake,Willagee renamed to Bibra Lake
ocd-division/country:au/state:sa/sldl:frome,ocd-division/country:au/state:sa/sldl:ngadjuri,Frome renamed to Ngadjuri
